epoch,loss,val_loss
0,0.11061979830265045,0.057698484510183334
1,0.05898823216557503,0.056379351764917374
2,0.05833699554204941,0.05522698536515236
