epoch,loss,val_loss
0,0.13645178079605103,0.057815469801425934
