epoch,loss,val_loss
0,0.12170060724020004,0.05886310338973999
1,0.05883294343948364,0.055752336978912354
2,0.05819995701313019,0.0558355376124382
3,0.0577663816511631,0.05531519278883934
