epoch,loss,val_loss
0,0.10835427045822144,0.056744061410427094
1,0.0588863380253315,0.05605454370379448
