epoch,loss,val_loss
0,0.1033174991607666,0.05870967358350754
1,0.05761232227087021,0.05802419036626816
2,0.056917041540145874,0.057754646986722946
