epoch,loss,val_loss
0,0.08028717339038849,0.057186540216207504
