epoch,loss,val_loss
0,0.09737535566091537,0.0589696504175663
1,0.05736439675092697,0.05702244117856026
