epoch,loss,val_loss
0,0.09207787364721298,0.057670626789331436
1,0.05714911222457886,0.056838005781173706
2,0.05680995061993599,0.05718688666820526
3,0.056855350732803345,0.056985873728990555
