epoch,loss,val_loss
0,0.08558877557516098,0.05582338944077492
1,0.057652175426483154,0.05555238574743271
