epoch,loss,val_loss
0,0.10716531425714493,0.055973369628190994
1,0.05754675716161728,0.05535602197051048
2,0.0576150119304657,0.055283691734075546
