epoch,loss,val_loss
0,0.10069041699171066,0.05641131475567818
