epoch,loss,val_loss
0,0.10712531954050064,0.057175904512405396
1,0.058058805763721466,0.055368196219205856
2,0.05758810043334961,0.0554574579000473
3,0.05723718926310539,0.0547943189740181
