epoch,loss,val_loss
0,0.09956521540880203,0.058403827250003815
1,0.057510264217853546,0.05609530583024025
