epoch,loss,val_loss
0,0.08273527771234512,0.057045865803956985
1,0.05673444643616676,0.05691000446677208
2,0.056564927101135254,0.05722687393426895
