epoch,loss,val_loss
0,0.08745318651199341,0.059636764228343964
