epoch,loss,val_loss
0,0.10647311806678772,0.057731058448553085
1,0.05691928416490555,0.05721784010529518
2,0.05649948865175247,0.05638300999999046
3,0.05643816664814949,0.05634983628988266
