epoch,loss,val_loss
0,0.08314160257577896,0.05643942952156067
1,0.05758097022771835,0.055861830711364746
2,0.05678940936923027,0.05662091448903084
