epoch,loss,val_loss
0,0.07424700260162354,0.05704539641737938
1,0.05706379562616348,0.0564856231212616
