epoch,loss,val_loss
0,0.0950416773557663,0.05718722194433212
1,0.05722859129309654,0.05603592470288277
2,0.05695296451449394,0.055777572095394135
3,0.05658400058746338,0.0609859935939312
