epoch,loss,val_loss
0,0.09156297147274017,0.055978432297706604
