epoch,loss,val_loss
0,0.10458718985319138,0.05790194123983383
1,0.05721321702003479,0.05760998651385307
2,0.05665723234415054,0.05785897374153137
3,0.05676424130797386,0.05720055103302002
