epoch,loss,val_loss
0,0.09266135096549988,0.05875203013420105
