epoch,loss,val_loss
0,0.09753933548927307,0.05805713310837746
1,0.05736760050058365,0.057419177144765854
