epoch,loss,val_loss
0,0.08548114448785782,0.05822504311800003
1,0.057247310876846313,0.058193035423755646
2,0.0570664256811142,0.05889815837144852
