epoch,loss,val_loss
0,0.09570096433162689,0.05601370707154274
1,0.05759710446000099,0.05589783936738968
2,0.05721474066376686,0.05554450303316116
3,0.05709580332040787,0.05549675598740578
