epoch,loss,val_loss
0,0.09849760681390762,0.05717013403773308
1,0.05777136981487274,0.055227525532245636
2,0.05721123144030571,0.05591602623462677
