epoch,loss,val_loss
0,0.09511039406061172,0.05676676332950592
1,0.05766510218381882,0.05560223385691643
