epoch,loss,val_loss
0,0.09826935082674026,0.05659986659884453
