epoch,loss,val_loss
0,0.1015460267663002,0.055661629885435104
