epoch,loss,val_loss
0,0.09025589376688004,0.055749423801898956
1,0.05798378586769104,0.05638564005494118
2,0.057405874133110046,0.05524016171693802
3,0.05727948993444443,0.05473984777927399
