epoch,loss,val_loss
0,0.09355659037828445,0.056647684425115585
1,0.05749044939875603,0.05608014762401581
