epoch,loss,val_loss
0,0.09467387944459915,0.05612371116876602
1,0.05789884924888611,0.055314116179943085
2,0.05711328610777855,0.05609702318906784
