epoch,loss,val_loss
0,0.10862502455711365,0.05670338496565819
1,0.05658252537250519,0.05488770082592964
2,0.0561516173183918,0.054900605231523514
