epoch,loss,val_loss
0,0.10944265872240067,0.055077023804187775
1,0.05655832588672638,0.05509316548705101
2,0.05643613263964653,0.05524325743317604
3,0.05630302429199219,0.054741036146879196
