epoch,loss,val_loss
0,0.09741798043251038,0.05556736886501312
1,0.05656738206744194,0.05465642362833023
