epoch,loss,val_loss
0,0.09736178070306778,0.05488238483667374
