epoch,loss,val_loss
0,0.11053095012903214,0.05879861116409302
1,0.05723334848880768,0.05671745911240578
2,0.0566045306622982,0.0560632199048996
