epoch,loss,val_loss
0,0.09103803336620331,0.05711961165070534
1,0.05721627548336983,0.05655285716056824
2,0.05707436054944992,0.05646099895238876
3,0.056962065398693085,0.056972578167915344
