epoch,loss,val_loss
0,0.08942992985248566,0.056650348007678986
