epoch,loss,val_loss
0,0.09903556853532791,0.058367785066366196
1,0.05691540613770485,0.0570889450609684
