epoch,loss,val_loss
0,0.12008767575025558,0.05665556341409683
1,0.05959482491016388,0.056076355278491974
2,0.05912524461746216,0.056682370603084564
3,0.0584111325442791,0.055352404713630676
