epoch,loss,val_loss
0,0.11677324771881104,0.05834653228521347
1,0.059778593480587006,0.05676582455635071
