epoch,loss,val_loss
0,0.12999455630779266,0.05980394035577774
