epoch,loss,val_loss
0,0.13764697313308716,0.0642516165971756
1,0.06111747771501541,0.056393127888441086
2,0.059038590639829636,0.056055132299661636
