epoch,loss,val_loss
0,0.12750893831253052,0.05890635773539543
1,0.05905124545097351,0.05747588723897934
2,0.058689720928668976,0.05804916098713875
3,0.05763159692287445,0.057253941893577576
