epoch,loss,val_loss
0,0.12479156255722046,0.059819597750902176
1,0.05967187136411667,0.057908281683921814
