epoch,loss,val_loss
0,0.11683903634548187,0.05929877236485481
