epoch,loss,val_loss
0,0.1313539296388626,0.06155441328883171
1,0.059750959277153015,0.05783531442284584
2,0.05889751762151718,0.05764687433838844
