epoch,loss,val_loss
0,0.1199837177991867,0.060145724564790726
1,0.057212214916944504,0.05793312191963196
