epoch,loss,val_loss
0,0.12245485186576843,0.05865304172039032
1,0.05739583075046539,0.05723610520362854
2,0.0569523349404335,0.057118866592645645
