epoch,loss,val_loss
0,0.11839736253023148,0.060590505599975586
1,0.057701192796230316,0.05746591091156006
2,0.056720245629549026,0.05731716752052307
3,0.05600770190358162,0.05698405206203461
