epoch,loss,val_loss
0,0.12763655185699463,0.059765417128801346
