epoch,loss,val_loss
0,0.09463365375995636,0.0574398972094059
1,0.0573345310986042,0.05685265734791756
