epoch,loss,val_loss
0,0.1055401936173439,0.05773727968335152
