epoch,loss,val_loss
0,0.09707341343164444,0.0576615072786808
1,0.056713324040174484,0.056317802518606186
2,0.05706772953271866,0.057857073843479156
