epoch,loss,val_loss
0,0.08680614829063416,0.05713723227381706
1,0.05730564519762993,0.057038314640522
2,0.05775260552763939,0.0566624216735363
3,0.05686385929584503,0.056360069662332535
