epoch,loss,val_loss
0,0.13413400948047638,0.060884617269039154
1,0.058296043425798416,0.05827242136001587
