epoch,loss,val_loss
0,0.1291205734014511,0.060170747339725494
