epoch,loss,val_loss
0,0.11027029156684875,0.05975395441055298
1,0.0571698360145092,0.05837706848978996
2,0.05692542344331741,0.05761151760816574
