epoch,loss,val_loss
0,0.13000543415546417,0.061631277203559875
1,0.0577482134103775,0.05794769525527954
2,0.056688204407691956,0.058305855840444565
3,0.0564214326441288,0.05706797540187836
